地區,項目,欄位名稱,數值,資料時間日期,資料週期,郵遞區號,機關代碼,電子郵件,行動電話,市話,縣市別代碼,行政區域代碼
臺中市,長期照顧十年計畫-日間照顧-失智症老人日間照顧中心-期底服務個案人數(單位:人),中低收入_重度失能_女,0,2018-01-01T00:00:00,半年,407610,387000000A,oddisp@taichung.gov.tw,0910289111,(04)22289111,66000,10019000
臺中市,長期照顧十年計畫-日間照顧-失智症老人日間照顧中心-期底服務個案人數(單位:人),低收入_輕度失能_男,0,2018-01-01T00:00:00,半年,407610,387000000A,oddisp@taichung.gov.tw,0910289111,(04)22289111,66000,10019000
臺中市,長期照顧十年計畫-日間照顧-失智症老人日間照顧中心-期底服務個案人數(單位:人),低收入_輕度失能_女,0,2018-01-01T00:00:00,半年,407610,387000000A,oddisp@taichung.gov.tw,0910289111,(04)22289111,66000,10019000
臺中市,長期照顧十年計畫-日間照顧-失智症老人日間照顧中心-期底服務個案人數(單位:人),低收入_中度失能_男,0,2018-01-01T00:00:00,半年,407610,387000000A,oddisp@taichung.gov.tw,0910289111,(04)22289111,66000,10019000
臺中市,長期照顧十年計畫-日間照顧-失智症老人日間照顧中心-期底服務個案人數(單位:人),低收入_中度失能_女,0,2018-01-01T00:00:00,半年,407610,387000000A,oddisp@taichung.gov.tw,0910289111,(04)22289111,66000,10019000
臺中市,長期照顧十年計畫-日間照顧-失智症老人日間照顧中心-期底服務個案人數(單位:人),低收入_重度失能_男,0,2018-01-01T00:00:00,半年,407610,387000000A,oddisp@taichung.gov.tw,0910289111,(04)22289111,66000,10019000
臺中市,長期照顧十年計畫-日間照顧-失智症老人日間照顧中心-期底服務個案人數(單位:人),低收入_重度失能_女,0,2018-01-01T00:00:00,半年,407610,387000000A,oddisp@taichung.gov.tw,0910289111,(04)22289111,66000,10019000
臺中市,長期照顧十年計畫-日間照顧-失智症老人日間照顧中心-期底服務個案人數(單位:人),中低收入_輕度失能_男,0,2018-01-01T00:00:00,半年,407610,387000000A,oddisp@taichung.gov.tw,0910289111,(04)22289111,66000,10019000
臺中市,長期照顧十年計畫-日間照顧-失智症老人日間照顧中心-期底服務個案人數(單位:人),中低收入_輕度失能_女,0,2018-01-01T00:00:00,半年,407610,387000000A,oddisp@taichung.gov.tw,0910289111,(04)22289111,66000,10019000
臺中市,長期照顧十年計畫-日間照顧-失智症老人日間照顧中心-期底服務個案人數(單位:人),中低收入_中度失能_男,0,2018-01-01T00:00:00,半年,407610,387000000A,oddisp@taichung.gov.tw,0910289111,(04)22289111,66000,10019000
臺中市,長期照顧十年計畫-日間照顧-失智症老人日間照顧中心-期底服務個案人數(單位:人),中低收入_中度失能_女,0,2018-01-01T00:00:00,半年,407610,387000000A,oddisp@taichung.gov.tw,0910289111,(04)22289111,66000,10019000
臺中市,長期照顧十年計畫-日間照顧-失智症老人日間照顧中心-期底服務個案人數(單位:人),中低收入_重度失能_男,0,2018-01-01T00:00:00,半年,407610,387000000A,oddisp@taichung.gov.tw,0910289111,(04)22289111,66000,10019000
臺中市,長期照顧十年計畫-日間照顧-失智症老人日間照顧中心-期底服務個案人數(單位:人),一般戶_輕度失能_男,0,2018-01-01T00:00:00,半年,407610,387000000A,oddisp@taichung.gov.tw,0910289111,(04)22289111,66000,10019000
臺中市,長期照顧十年計畫-日間照顧-失智症老人日間照顧中心-期底服務個案人數(單位:人),一般戶_輕度失能_女,0,2018-01-01T00:00:00,半年,407610,387000000A,oddisp@taichung.gov.tw,0910289111,(04)22289111,66000,10019000
臺中市,長期照顧十年計畫-日間照顧-失智症老人日間照顧中心-期底服務個案人數(單位:人),一般戶_中度失能_男,0,2018-01-01T00:00:00,半年,407610,387000000A,oddisp@taichung.gov.tw,0910289111,(04)22289111,66000,10019000
臺中市,長期照顧十年計畫-日間照顧-失智症老人日間照顧中心-期底服務個案人數(單位:人),一般戶_中度失能_女,0,2018-01-01T00:00:00,半年,407610,387000000A,oddisp@taichung.gov.tw,0910289111,(04)22289111,66000,10019000
臺中市,長期照顧十年計畫-日間照顧-失智症老人日間照顧中心-期底服務個案人數(單位:人),一般戶_重度失能_男,0,2018-01-01T00:00:00,半年,407610,387000000A,oddisp@taichung.gov.tw,0910289111,(04)22289111,66000,10019000
臺中市,長期照顧十年計畫-日間照顧-失智症老人日間照顧中心-期底服務個案人數(單位:人),一般戶_重度失能_女,0,2018-01-01T00:00:00,半年,407610,387000000A,oddisp@taichung.gov.tw,0910289111,(04)22289111,66000,10019000
臺中市,長期照顧十年計畫-日間照顧-失智症老人日間照顧中心-本期服務人次(日)(單位:人次(日)),低收入_輕度失能_男,0,2018-01-01T00:00:00,半年,407610,387000000A,oddisp@taichung.gov.tw,0910289111,(04)22289111,66000,10019000
臺中市,長期照顧十年計畫-日間照顧-失智症老人日間照顧中心-本期服務人次(日)(單位:人次(日)),低收入_輕度失能_女,0,2018-01-01T00:00:00,半年,407610,387000000A,oddisp@taichung.gov.tw,0910289111,(04)22289111,66000,10019000
臺中市,長期照顧十年計畫-日間照顧-失智症老人日間照顧中心-本期服務人次(日)(單位:人次(日)),低收入_中度失能_男,0,2018-01-01T00:00:00,半年,407610,387000000A,oddisp@taichung.gov.tw,0910289111,(04)22289111,66000,10019000
臺中市,長期照顧十年計畫-日間照顧-失智症老人日間照顧中心-本期服務人次(日)(單位:人次(日)),低收入_中度失能_女,0,2018-01-01T00:00:00,半年,407610,387000000A,oddisp@taichung.gov.tw,0910289111,(04)22289111,66000,10019000
臺中市,長期照顧十年計畫-日間照顧-失智症老人日間照顧中心-本期服務人次(日)(單位:人次(日)),低收入_重度失能_男,0,2018-01-01T00:00:00,半年,407610,387000000A,oddisp@taichung.gov.tw,0910289111,(04)22289111,66000,10019000
臺中市,長期照顧十年計畫-日間照顧-失智症老人日間照顧中心-本期服務人次(日)(單位:人次(日)),低收入_重度失能_女,0,2018-01-01T00:00:00,半年,407610,387000000A,oddisp@taichung.gov.tw,0910289111,(04)22289111,66000,10019000
臺中市,長期照顧十年計畫-日間照顧-失智症老人日間照顧中心-本期服務人次(日)(單位:人次(日)),中低收入_輕度失能_男,0,2018-01-01T00:00:00,半年,407610,387000000A,oddisp@taichung.gov.tw,0910289111,(04)22289111,66000,10019000
臺中市,長期照顧十年計畫-日間照顧-失智症老人日間照顧中心-本期服務人次(日)(單位:人次(日)),中低收入_輕度失能_女,0,2018-01-01T00:00:00,半年,407610,387000000A,oddisp@taichung.gov.tw,0910289111,(04)22289111,66000,10019000
臺中市,長期照顧十年計畫-日間照顧-失智症老人日間照顧中心-本期服務人次(日)(單位:人次(日)),中低收入_中度失能_男,0,2018-01-01T00:00:00,半年,407610,387000000A,oddisp@taichung.gov.tw,0910289111,(04)22289111,66000,10019000
臺中市,長期照顧十年計畫-日間照顧-失智症老人日間照顧中心-本期服務人次(日)(單位:人次(日)),中低收入_中度失能_女,0,2018-01-01T00:00:00,半年,407610,387000000A,oddisp@taichung.gov.tw,0910289111,(04)22289111,66000,10019000
臺中市,長期照顧十年計畫-日間照顧-失智症老人日間照顧中心-本期服務人次(日)(單位:人次(日)),中低收入_重度失能_男,0,2018-01-01T00:00:00,半年,407610,387000000A,oddisp@taichung.gov.tw,0910289111,(04)22289111,66000,10019000
臺中市,長期照顧十年計畫-日間照顧-失智症老人日間照顧中心-本期服務人次(日)(單位:人次(日)),中低收入_重度失能_女,0,2018-01-01T00:00:00,半年,407610,387000000A,oddisp@taichung.gov.tw,0910289111,(04)22289111,66000,10019000
臺中市,長期照顧十年計畫-日間照顧-失智症老人日間照顧中心-本期服務人次(日)(單位:人次(日)),一般戶_輕度失能_男,0,2018-01-01T00:00:00,半年,407610,387000000A,oddisp@taichung.gov.tw,0910289111,(04)22289111,66000,10019000
臺中市,長期照顧十年計畫-日間照顧-失智症老人日間照顧中心-本期服務人次(日)(單位:人次(日)),一般戶_輕度失能_女,0,2018-01-01T00:00:00,半年,407610,387000000A,oddisp@taichung.gov.tw,0910289111,(04)22289111,66000,10019000
臺中市,長期照顧十年計畫-日間照顧-失智症老人日間照顧中心-本期服務人次(日)(單位:人次(日)),一般戶_中度失能_男,0,2018-01-01T00:00:00,半年,407610,387000000A,oddisp@taichung.gov.tw,0910289111,(04)22289111,66000,10019000
臺中市,長期照顧十年計畫-日間照顧-失智症老人日間照顧中心-本期服務人次(日)(單位:人次(日)),一般戶_中度失能_女,0,2018-01-01T00:00:00,半年,407610,387000000A,oddisp@taichung.gov.tw,0910289111,(04)22289111,66000,10019000
臺中市,長期照顧十年計畫-日間照顧-失智症老人日間照顧中心-本期服務人次(日)(單位:人次(日)),一般戶_重度失能_男,0,2018-01-01T00:00:00,半年,407610,387000000A,oddisp@taichung.gov.tw,0910289111,(04)22289111,66000,10019000
臺中市,長期照顧十年計畫-日間照顧-失智症老人日間照顧中心-本期服務人次(日)(單位:人次(日)),一般戶_重度失能_女,0,2018-01-01T00:00:00,半年,407610,387000000A,oddisp@taichung.gov.tw,0910289111,(04)22289111,66000,10019000
臺中市,長期照顧十年計畫-日間照顧-失智症老人日間照顧中心-本期政府補助時數(單位:時),低收入_輕度失能_男,0,2018-01-01T00:00:00,半年,407610,387000000A,oddisp@taichung.gov.tw,0910289111,(04)22289111,66000,10019000
臺中市,長期照顧十年計畫-日間照顧-失智症老人日間照顧中心-本期政府補助時數(單位:時),低收入_輕度失能_女,0,2018-01-01T00:00:00,半年,407610,387000000A,oddisp@taichung.gov.tw,0910289111,(04)22289111,66000,10019000
臺中市,長期照顧十年計畫-日間照顧-失智症老人日間照顧中心-本期政府補助時數(單位:時),低收入_中度失能_男,0,2018-01-01T00:00:00,半年,407610,387000000A,oddisp@taichung.gov.tw,0910289111,(04)22289111,66000,10019000
臺中市,長期照顧十年計畫-日間照顧-失智症老人日間照顧中心-本期政府補助時數(單位:時),低收入_中度失能_女,0,2018-01-01T00:00:00,半年,407610,387000000A,oddisp@taichung.gov.tw,0910289111,(04)22289111,66000,10019000
臺中市,長期照顧十年計畫-日間照顧-失智症老人日間照顧中心-本期政府補助時數(單位:時),低收入_重度失能_男,0,2018-01-01T00:00:00,半年,407610,387000000A,oddisp@taichung.gov.tw,0910289111,(04)22289111,66000,10019000
臺中市,長期照顧十年計畫-日間照顧-失智症老人日間照顧中心-本期政府補助時數(單位:時),低收入_重度失能_女,0,2018-01-01T00:00:00,半年,407610,387000000A,oddisp@taichung.gov.tw,0910289111,(04)22289111,66000,10019000
臺中市,長期照顧十年計畫-日間照顧-失智症老人日間照顧中心-本期政府補助時數(單位:時),中低收入_輕度失能_男,0,2018-01-01T00:00:00,半年,407610,387000000A,oddisp@taichung.gov.tw,0910289111,(04)22289111,66000,10019000
臺中市,長期照顧十年計畫-日間照顧-失智症老人日間照顧中心-本期政府補助時數(單位:時),中低收入_輕度失能_女,0,2018-01-01T00:00:00,半年,407610,387000000A,oddisp@taichung.gov.tw,0910289111,(04)22289111,66000,10019000
臺中市,長期照顧十年計畫-日間照顧-失智症老人日間照顧中心-本期政府補助時數(單位:時),中低收入_中度失能_男,0,2018-01-01T00:00:00,半年,407610,387000000A,oddisp@taichung.gov.tw,0910289111,(04)22289111,66000,10019000
臺中市,長期照顧十年計畫-日間照顧-失智症老人日間照顧中心-本期政府補助時數(單位:時),中低收入_中度失能_女,0,2018-01-01T00:00:00,半年,407610,387000000A,oddisp@taichung.gov.tw,0910289111,(04)22289111,66000,10019000
臺中市,長期照顧十年計畫-日間照顧-失智症老人日間照顧中心-本期政府補助時數(單位:時),中低收入_重度失能_男,0,2018-01-01T00:00:00,半年,407610,387000000A,oddisp@taichung.gov.tw,0910289111,(04)22289111,66000,10019000
臺中市,長期照顧十年計畫-日間照顧-失智症老人日間照顧中心-本期政府補助時數(單位:時),中低收入_重度失能_女,0,2018-01-01T00:00:00,半年,407610,387000000A,oddisp@taichung.gov.tw,0910289111,(04)22289111,66000,10019000
臺中市,長期照顧十年計畫-日間照顧-失智症老人日間照顧中心-本期政府補助時數(單位:時),一般戶_輕度失能_男,0,2018-01-01T00:00:00,半年,407610,387000000A,oddisp@taichung.gov.tw,0910289111,(04)22289111,66000,10019000
臺中市,長期照顧十年計畫-日間照顧-失智症老人日間照顧中心-本期政府補助時數(單位:時),一般戶_輕度失能_女,0,2018-01-01T00:00:00,半年,407610,387000000A,oddisp@taichung.gov.tw,0910289111,(04)22289111,66000,10019000
臺中市,長期照顧十年計畫-日間照顧-失智症老人日間照顧中心-本期政府補助時數(單位:時),一般戶_中度失能_男,0,2018-01-01T00:00:00,半年,407610,387000000A,oddisp@taichung.gov.tw,0910289111,(04)22289111,66000,10019000
臺中市,長期照顧十年計畫-日間照顧-失智症老人日間照顧中心-本期政府補助時數(單位:時),一般戶_中度失能_女,0,2018-01-01T00:00:00,半年,407610,387000000A,oddisp@taichung.gov.tw,0910289111,(04)22289111,66000,10019000
臺中市,長期照顧十年計畫-日間照顧-失智症老人日間照顧中心-本期政府補助時數(單位:時),一般戶_重度失能_男,0,2018-01-01T00:00:00,半年,407610,387000000A,oddisp@taichung.gov.tw,0910289111,(04)22289111,66000,10019000
臺中市,長期照顧十年計畫-日間照顧-失智症老人日間照顧中心-本期政府補助時數(單位:時),一般戶_重度失能_女,0,2018-01-01T00:00:00,半年,407610,387000000A,oddisp@taichung.gov.tw,0910289111,(04)22289111,66000,10019000
臺中市,長期照顧十年計畫-日間照顧-失智症老人日間照顧中心-本期全額自付時數(單位:時),低收入_輕度失能_男,0,2018-01-01T00:00:00,半年,407610,387000000A,oddisp@taichung.gov.tw,0910289111,(04)22289111,66000,10019000
臺中市,長期照顧十年計畫-日間照顧-失智症老人日間照顧中心-本期全額自付時數(單位:時),低收入_輕度失能_女,0,2018-01-01T00:00:00,半年,407610,387000000A,oddisp@taichung.gov.tw,0910289111,(04)22289111,66000,10019000
臺中市,長期照顧十年計畫-日間照顧-失智症老人日間照顧中心-本期全額自付時數(單位:時),低收入_中度失能_男,0,2018-01-01T00:00:00,半年,407610,387000000A,oddisp@taichung.gov.tw,0910289111,(04)22289111,66000,10019000
臺中市,長期照顧十年計畫-日間照顧-失智症老人日間照顧中心-本期全額自付時數(單位:時),低收入_中度失能_女,0,2018-01-01T00:00:00,半年,407610,387000000A,oddisp@taichung.gov.tw,0910289111,(04)22289111,66000,10019000
臺中市,長期照顧十年計畫-日間照顧-失智症老人日間照顧中心-本期全額自付時數(單位:時),低收入_重度失能_男,0,2018-01-01T00:00:00,半年,407610,387000000A,oddisp@taichung.gov.tw,0910289111,(04)22289111,66000,10019000
臺中市,長期照顧十年計畫-日間照顧-失智症老人日間照顧中心-本期全額自付時數(單位:時),低收入_重度失能_女,0,2018-01-01T00:00:00,半年,407610,387000000A,oddisp@taichung.gov.tw,0910289111,(04)22289111,66000,10019000
臺中市,長期照顧十年計畫-日間照顧-失智症老人日間照顧中心-本期全額自付時數(單位:時),中低收入_輕度失能_男,0,2018-01-01T00:00:00,半年,407610,387000000A,oddisp@taichung.gov.tw,0910289111,(04)22289111,66000,10019000
臺中市,長期照顧十年計畫-日間照顧-失智症老人日間照顧中心-本期全額自付時數(單位:時),中低收入_輕度失能_女,0,2018-01-01T00:00:00,半年,407610,387000000A,oddisp@taichung.gov.tw,0910289111,(04)22289111,66000,10019000
臺中市,長期照顧十年計畫-日間照顧-失智症老人日間照顧中心-本期全額自付時數(單位:時),中低收入_中度失能_男,0,2018-01-01T00:00:00,半年,407610,387000000A,oddisp@taichung.gov.tw,0910289111,(04)22289111,66000,10019000
臺中市,長期照顧十年計畫-日間照顧-失智症老人日間照顧中心-本期全額自付時數(單位:時),中低收入_中度失能_女,0,2018-01-01T00:00:00,半年,407610,387000000A,oddisp@taichung.gov.tw,0910289111,(04)22289111,66000,10019000
臺中市,長期照顧十年計畫-日間照顧-失智症老人日間照顧中心-本期全額自付時數(單位:時),中低收入_重度失能_男,0,2018-01-01T00:00:00,半年,407610,387000000A,oddisp@taichung.gov.tw,0910289111,(04)22289111,66000,10019000
臺中市,長期照顧十年計畫-日間照顧-失智症老人日間照顧中心-本期全額自付時數(單位:時),中低收入_重度失能_女,0,2018-01-01T00:00:00,半年,407610,387000000A,oddisp@taichung.gov.tw,0910289111,(04)22289111,66000,10019000
臺中市,長期照顧十年計畫-日間照顧-失智症老人日間照顧中心-本期全額自付時數(單位:時),一般戶_輕度失能_男,0,2018-01-01T00:00:00,半年,407610,387000000A,oddisp@taichung.gov.tw,0910289111,(04)22289111,66000,10019000
臺中市,長期照顧十年計畫-日間照顧-失智症老人日間照顧中心-本期全額自付時數(單位:時),一般戶_輕度失能_女,0,2018-01-01T00:00:00,半年,407610,387000000A,oddisp@taichung.gov.tw,0910289111,(04)22289111,66000,10019000
臺中市,長期照顧十年計畫-日間照顧-失智症老人日間照顧中心-本期全額自付時數(單位:時),一般戶_中度失能_男,0,2018-01-01T00:00:00,半年,407610,387000000A,oddisp@taichung.gov.tw,0910289111,(04)22289111,66000,10019000
臺中市,長期照顧十年計畫-日間照顧-失智症老人日間照顧中心-本期全額自付時數(單位:時),一般戶_中度失能_女,0,2018-01-01T00:00:00,半年,407610,387000000A,oddisp@taichung.gov.tw,0910289111,(04)22289111,66000,10019000
臺中市,長期照顧十年計畫-日間照顧-失智症老人日間照顧中心-本期全額自付時數(單位:時),一般戶_重度失能_男,0,2018-01-01T00:00:00,半年,407610,387000000A,oddisp@taichung.gov.tw,0910289111,(04)22289111,66000,10019000
臺中市,長期照顧十年計畫-日間照顧-失智症老人日間照顧中心-本期全額自付時數(單位:時),一般戶_重度失能_女,0,2018-01-01T00:00:00,半年,407610,387000000A,oddisp@taichung.gov.tw,0910289111,(04)22289111,66000,10019000
臺中市,長期照顧十年計畫-日間照顧-失能老人日間照顧中心-期底服務個案人數(單位:人),低收入_輕度失能_男_65歲以上老人(含IADLs失能且獨居之老人),2,2018-01-01T00:00:00,半年,407610,387000000A,oddisp@taichung.gov.tw,0910289111,(04)22289111,66000,10019000
臺中市,長期照顧十年計畫-日間照顧-失能老人日間照顧中心-期底服務個案人數(單位:人),低收入_輕度失能_女_65歲以上老人(含IADLs失能且獨居之老人),2,2018-01-01T00:00:00,半年,407610,387000000A,oddisp@taichung.gov.tw,0910289111,(04)22289111,66000,10019000
臺中市,長期照顧十年計畫-日間照顧-失能老人日間照顧中心-期底服務個案人數(單位:人),低收入_中度失能_男_65歲以上老人(含IADLs失能且獨居之老人),5,2018-01-01T00:00:00,半年,407610,387000000A,oddisp@taichung.gov.tw,0910289111,(04)22289111,66000,10019000
臺中市,長期照顧十年計畫-日間照顧-失能老人日間照顧中心-期底服務個案人數(單位:人),低收入_中度失能_女_65歲以上老人(含IADLs失能且獨居之老人),6,2018-01-01T00:00:00,半年,407610,387000000A,oddisp@taichung.gov.tw,0910289111,(04)22289111,66000,10019000
臺中市,長期照顧十年計畫-日間照顧-失能老人日間照顧中心-期底服務個案人數(單位:人),低收入_重度失能_男_65歲以上老人(含IADLs失能且獨居之老人),2,2018-01-01T00:00:00,半年,407610,387000000A,oddisp@taichung.gov.tw,0910289111,(04)22289111,66000,10019000
臺中市,長期照顧十年計畫-日間照顧-失能老人日間照顧中心-期底服務個案人數(單位:人),低收入_重度失能_女_65歲以上老人(含IADLs失能且獨居之老人),4,2018-01-01T00:00:00,半年,407610,387000000A,oddisp@taichung.gov.tw,0910289111,(04)22289111,66000,10019000
臺中市,長期照顧十年計畫-日間照顧-失能老人日間照顧中心-期底服務個案人數(單位:人),中低收入_輕度失能_男_65歲以上老人(含IADLs失能且獨居之老人),0,2018-01-01T00:00:00,半年,407610,387000000A,oddisp@taichung.gov.tw,0910289111,(04)22289111,66000,10019000
臺中市,長期照顧十年計畫-日間照顧-失能老人日間照顧中心-期底服務個案人數(單位:人),中低收入_輕度失能_女_65歲以上老人(含IADLs失能且獨居之老人),2,2018-01-01T00:00:00,半年,407610,387000000A,oddisp@taichung.gov.tw,0910289111,(04)22289111,66000,10019000
臺中市,長期照顧十年計畫-日間照顧-失能老人日間照顧中心-期底服務個案人數(單位:人),中低收入_中度失能_男_65歲以上老人(含IADLs失能且獨居之老人),0,2018-01-01T00:00:00,半年,407610,387000000A,oddisp@taichung.gov.tw,0910289111,(04)22289111,66000,10019000
臺中市,長期照顧十年計畫-日間照顧-失能老人日間照顧中心-期底服務個案人數(單位:人),中低收入_中度失能_女_65歲以上老人(含IADLs失能且獨居之老人),3,2018-01-01T00:00:00,半年,407610,387000000A,oddisp@taichung.gov.tw,0910289111,(04)22289111,66000,10019000
臺中市,長期照顧十年計畫-日間照顧-失能老人日間照顧中心-期底服務個案人數(單位:人),中低收入_重度失能_男_65歲以上老人(含IADLs失能且獨居之老人),1,2018-01-01T00:00:00,半年,407610,387000000A,oddisp@taichung.gov.tw,0910289111,(04)22289111,66000,10019000
臺中市,長期照顧十年計畫-日間照顧-失能老人日間照顧中心-期底服務個案人數(單位:人),中低收入_重度失能_女_65歲以上老人(含IADLs失能且獨居之老人),2,2018-01-01T00:00:00,半年,407610,387000000A,oddisp@taichung.gov.tw,0910289111,(04)22289111,66000,10019000
臺中市,長期照顧十年計畫-日間照顧-失能老人日間照顧中心-期底服務個案人數(單位:人),一般戶_輕度失能_男_65歲以上老人(含IADLs失能且獨居之老人),15,2018-01-01T00:00:00,半年,407610,387000000A,oddisp@taichung.gov.tw,0910289111,(04)22289111,66000,10019000
臺中市,長期照顧十年計畫-日間照顧-失能老人日間照顧中心-期底服務個案人數(單位:人),一般戶_輕度失能_女_65歲以上老人(含IADLs失能且獨居之老人),47,2018-01-01T00:00:00,半年,407610,387000000A,oddisp@taichung.gov.tw,0910289111,(04)22289111,66000,10019000
臺中市,長期照顧十年計畫-日間照顧-失能老人日間照顧中心-期底服務個案人數(單位:人),一般戶_中度失能_男_65歲以上老人(含IADLs失能且獨居之老人),37,2018-01-01T00:00:00,半年,407610,387000000A,oddisp@taichung.gov.tw,0910289111,(04)22289111,66000,10019000
臺中市,長期照顧十年計畫-日間照顧-失能老人日間照顧中心-期底服務個案人數(單位:人),一般戶_中度失能_女_65歲以上老人(含IADLs失能且獨居之老人),81,2018-01-01T00:00:00,半年,407610,387000000A,oddisp@taichung.gov.tw,0910289111,(04)22289111,66000,10019000
臺中市,長期照顧十年計畫-日間照顧-失能老人日間照顧中心-期底服務個案人數(單位:人),一般戶_重度失能_男_65歲以上老人(含IADLs失能且獨居之老人),25,2018-01-01T00:00:00,半年,407610,387000000A,oddisp@taichung.gov.tw,0910289111,(04)22289111,66000,10019000
臺中市,長期照顧十年計畫-日間照顧-失能老人日間照顧中心-期底服務個案人數(單位:人),一般戶_重度失能_女_65歲以上老人(含IADLs失能且獨居之老人),30,2018-01-01T00:00:00,半年,407610,387000000A,oddisp@taichung.gov.tw,0910289111,(04)22289111,66000,10019000
臺中市,長期照顧十年計畫-日間照顧-失能老人日間照顧中心-期底服務個案人數(單位:人),低收入_輕度失能_男_55-64歲山地原住民,0,2018-01-01T00:00:00,半年,407610,387000000A,oddisp@taichung.gov.tw,0910289111,(04)22289111,66000,10019000
臺中市,長期照顧十年計畫-日間照顧-失能老人日間照顧中心-期底服務個案人數(單位:人),低收入_輕度失能_女_55-64歲山地原住民,0,2018-01-01T00:00:00,半年,407610,387000000A,oddisp@taichung.gov.tw,0910289111,(04)22289111,66000,10019000
臺中市,長期照顧十年計畫-日間照顧-失能老人日間照顧中心-期底服務個案人數(單位:人),低收入_重度失能_男_55-64歲山地原住民,0,2018-01-01T00:00:00,半年,407610,387000000A,oddisp@taichung.gov.tw,0910289111,(04)22289111,66000,10019000
臺中市,長期照顧十年計畫-日間照顧-失能老人日間照顧中心-期底服務個案人數(單位:人),低收入_中度失能_男_55-64歲山地原住民,0,2018-01-01T00:00:00,半年,407610,387000000A,oddisp@taichung.gov.tw,0910289111,(04)22289111,66000,10019000
臺中市,長期照顧十年計畫-日間照顧-失能老人日間照顧中心-期底服務個案人數(單位:人),低收入_重度失能_女_55-64歲山地原住民,0,2018-01-01T00:00:00,半年,407610,387000000A,oddisp@taichung.gov.tw,0910289111,(04)22289111,66000,10019000
臺中市,長期照顧十年計畫-日間照顧-失能老人日間照顧中心-期底服務個案人數(單位:人),低收入_中度失能_女_55-64歲山地原住民,0,2018-01-01T00:00:00,半年,407610,387000000A,oddisp@taichung.gov.tw,0910289111,(04)22289111,66000,10019000
臺中市,長期照顧十年計畫-日間照顧-失能老人日間照顧中心-期底服務個案人數(單位:人),中低收入_輕度失能_男_55-64歲山地原住民,0,2018-01-01T00:00:00,半年,407610,387000000A,oddisp@taichung.gov.tw,0910289111,(04)22289111,66000,10019000
臺中市,長期照顧十年計畫-日間照顧-失能老人日間照顧中心-期底服務個案人數(單位:人),中低收入_輕度失能_女_55-64歲山地原住民,0,2018-01-01T00:00:00,半年,407610,387000000A,oddisp@taichung.gov.tw,0910289111,(04)22289111,66000,10019000
臺中市,長期照顧十年計畫-日間照顧-失能老人日間照顧中心-期底服務個案人數(單位:人),中低收入_中度失能_男_55-64歲山地原住民,0,2018-01-01T00:00:00,半年,407610,387000000A,oddisp@taichung.gov.tw,0910289111,(04)22289111,66000,10019000
臺中市,長期照顧十年計畫-日間照顧-失能老人日間照顧中心-期底服務個案人數(單位:人),中低收入_中度失能_女_55-64歲山地原住民,0,2018-01-01T00:00:00,半年,407610,387000000A,oddisp@taichung.gov.tw,0910289111,(04)22289111,66000,10019000
臺中市,長期照顧十年計畫-日間照顧-失能老人日間照顧中心-期底服務個案人數(單位:人),中低收入_重度失能_男_55-64歲山地原住民,0,2018-01-01T00:00:00,半年,407610,387000000A,oddisp@taichung.gov.tw,0910289111,(04)22289111,66000,10019000
臺中市,長期照顧十年計畫-日間照顧-失能老人日間照顧中心-期底服務個案人數(單位:人),中低收入_重度失能_女_55-64歲山地原住民,0,2018-01-01T00:00:00,半年,407610,387000000A,oddisp@taichung.gov.tw,0910289111,(04)22289111,66000,10019000
臺中市,長期照顧十年計畫-日間照顧-失能老人日間照顧中心-期底服務個案人數(單位:人),一般戶_輕度失能_男_55-64歲山地原住民,0,2018-01-01T00:00:00,半年,407610,387000000A,oddisp@taichung.gov.tw,0910289111,(04)22289111,66000,10019000
臺中市,長期照顧十年計畫-日間照顧-失能老人日間照顧中心-期底服務個案人數(單位:人),一般戶_輕度失能_女_55-64歲山地原住民,0,2018-01-01T00:00:00,半年,407610,387000000A,oddisp@taichung.gov.tw,0910289111,(04)22289111,66000,10019000
臺中市,長期照顧十年計畫-日間照顧-失能老人日間照顧中心-期底服務個案人數(單位:人),一般戶_中度失能_男_55-64歲山地原住民,0,2018-01-01T00:00:00,半年,407610,387000000A,oddisp@taichung.gov.tw,0910289111,(04)22289111,66000,10019000
臺中市,長期照顧十年計畫-日間照顧-失能老人日間照顧中心-期底服務個案人數(單位:人),一般戶_中度失能_女_55-64歲山地原住民,0,2018-01-01T00:00:00,半年,407610,387000000A,oddisp@taichung.gov.tw,0910289111,(04)22289111,66000,10019000
臺中市,長期照顧十年計畫-日間照顧-失能老人日間照顧中心-期底服務個案人數(單位:人),一般戶_重度失能_男_55-64歲山地原住民,0,2018-01-01T00:00:00,半年,407610,387000000A,oddisp@taichung.gov.tw,0910289111,(04)22289111,66000,10019000
臺中市,長期照顧十年計畫-日間照顧-失能老人日間照顧中心-期底服務個案人數(單位:人),一般戶_重度失能_女_55-64歲山地原住民,0,2018-01-01T00:00:00,半年,407610,387000000A,oddisp@taichung.gov.tw,0910289111,(04)22289111,66000,10019000
臺中市,長期照顧十年計畫-日間照顧-失能老人日間照顧中心-期底服務個案人數(單位:人),低收入_輕度失能_男_50-64歲身心障礙者,0,2018-01-01T00:00:00,半年,407610,387000000A,oddisp@taichung.gov.tw,0910289111,(04)22289111,66000,10019000
臺中市,長期照顧十年計畫-日間照顧-失能老人日間照顧中心-期底服務個案人數(單位:人),低收入_輕度失能_女_50-64歲身心障礙者,0,2018-01-01T00:00:00,半年,407610,387000000A,oddisp@taichung.gov.tw,0910289111,(04)22289111,66000,10019000
臺中市,長期照顧十年計畫-日間照顧-失能老人日間照顧中心-期底服務個案人數(單位:人),低收入_中度失能_男_50-64歲身心障礙者,2,2018-01-01T00:00:00,半年,407610,387000000A,oddisp@taichung.gov.tw,0910289111,(04)22289111,66000,10019000
臺中市,長期照顧十年計畫-日間照顧-失能老人日間照顧中心-期底服務個案人數(單位:人),低收入_中度失能_女_50-64歲身心障礙者,2,2018-01-01T00:00:00,半年,407610,387000000A,oddisp@taichung.gov.tw,0910289111,(04)22289111,66000,10019000
臺中市,長期照顧十年計畫-日間照顧-失能老人日間照顧中心-期底服務個案人數(單位:人),低收入_重度失能_男_50-64歲身心障礙者,4,2018-01-01T00:00:00,半年,407610,387000000A,oddisp@taichung.gov.tw,0910289111,(04)22289111,66000,10019000
臺中市,長期照顧十年計畫-日間照顧-失能老人日間照顧中心-期底服務個案人數(單位:人),低收入_重度失能_女_50-64歲身心障礙者,4,2018-01-01T00:00:00,半年,407610,387000000A,oddisp@taichung.gov.tw,0910289111,(04)22289111,66000,10019000
臺中市,長期照顧十年計畫-日間照顧-失能老人日間照顧中心-期底服務個案人數(單位:人),中低收入_輕度失能_男_50-64歲身心障礙者,0,2018-01-01T00:00:00,半年,407610,387000000A,oddisp@taichung.gov.tw,0910289111,(04)22289111,66000,10019000
臺中市,長期照顧十年計畫-日間照顧-失能老人日間照顧中心-期底服務個案人數(單位:人),中低收入_輕度失能_女_50-64歲身心障礙者,0,2018-01-01T00:00:00,半年,407610,387000000A,oddisp@taichung.gov.tw,0910289111,(04)22289111,66000,10019000
臺中市,長期照顧十年計畫-日間照顧-失能老人日間照顧中心-期底服務個案人數(單位:人),中低收入_中度失能_男_50-64歲身心障礙者,3,2018-01-01T00:00:00,半年,407610,387000000A,oddisp@taichung.gov.tw,0910289111,(04)22289111,66000,10019000
臺中市,長期照顧十年計畫-日間照顧-失能老人日間照顧中心-期底服務個案人數(單位:人),中低收入_中度失能_女_50-64歲身心障礙者,2,2018-01-01T00:00:00,半年,407610,387000000A,oddisp@taichung.gov.tw,0910289111,(04)22289111,66000,10019000
臺中市,長期照顧十年計畫-日間照顧-失能老人日間照顧中心-期底服務個案人數(單位:人),中低收入_重度失能_男_50-64歲身心障礙者,2,2018-01-01T00:00:00,半年,407610,387000000A,oddisp@taichung.gov.tw,0910289111,(04)22289111,66000,10019000
臺中市,長期照顧十年計畫-日間照顧-失能老人日間照顧中心-期底服務個案人數(單位:人),中低收入_重度失能_女_50-64歲身心障礙者,1,2018-01-01T00:00:00,半年,407610,387000000A,oddisp@taichung.gov.tw,0910289111,(04)22289111,66000,10019000
臺中市,長期照顧十年計畫-日間照顧-失能老人日間照顧中心-期底服務個案人數(單位:人),一般戶_輕度失能_男_50-64歲身心障礙者,4,2018-01-01T00:00:00,半年,407610,387000000A,oddisp@taichung.gov.tw,0910289111,(04)22289111,66000,10019000
臺中市,長期照顧十年計畫-日間照顧-失能老人日間照顧中心-期底服務個案人數(單位:人),一般戶_輕度失能_女_50-64歲身心障礙者,14,2018-01-01T00:00:00,半年,407610,387000000A,oddisp@taichung.gov.tw,0910289111,(04)22289111,66000,10019000
臺中市,長期照顧十年計畫-日間照顧-失能老人日間照顧中心-期底服務個案人數(單位:人),一般戶_中度失能_男_50-64歲身心障礙者,9,2018-01-01T00:00:00,半年,407610,387000000A,oddisp@taichung.gov.tw,0910289111,(04)22289111,66000,10019000
臺中市,長期照顧十年計畫-日間照顧-失能老人日間照顧中心-期底服務個案人數(單位:人),一般戶_中度失能_女_50-64歲身心障礙者,22,2018-01-01T00:00:00,半年,407610,387000000A,oddisp@taichung.gov.tw,0910289111,(04)22289111,66000,10019000
臺中市,長期照顧十年計畫-日間照顧-失能老人日間照顧中心-期底服務個案人數(單位:人),一般戶_重度失能_男_50-64歲身心障礙者,5,2018-01-01T00:00:00,半年,407610,387000000A,oddisp@taichung.gov.tw,0910289111,(04)22289111,66000,10019000
臺中市,長期照顧十年計畫-日間照顧-失能老人日間照顧中心-期底服務個案人數(單位:人),一般戶_重度失能_女_50-64歲身心障礙者,14,2018-01-01T00:00:00,半年,407610,387000000A,oddisp@taichung.gov.tw,0910289111,(04)22289111,66000,10019000
臺中市,"長期照顧十年計畫-日間照顧-失能老人日間照顧中心-本期服務人次(日)	(單位:人次(日))",低收入_輕度失能_男_65歲以上老人(含IADLs失能且獨居之老人),115,2018-01-01T00:00:00,半年,407610,387000000A,oddisp@taichung.gov.tw,0910289111,(04)22289111,66000,10019000
臺中市,"長期照顧十年計畫-日間照顧-失能老人日間照顧中心-本期服務人次(日)	(單位:人次(日))",低收入_輕度失能_女_65歲以上老人(含IADLs失能且獨居之老人),121,2018-01-01T00:00:00,半年,407610,387000000A,oddisp@taichung.gov.tw,0910289111,(04)22289111,66000,10019000
臺中市,"長期照顧十年計畫-日間照顧-失能老人日間照顧中心-本期服務人次(日)	(單位:人次(日))",低收入_中度失能_男_65歲以上老人(含IADLs失能且獨居之老人),154,2018-01-01T00:00:00,半年,407610,387000000A,oddisp@taichung.gov.tw,0910289111,(04)22289111,66000,10019000
臺中市,"長期照顧十年計畫-日間照顧-失能老人日間照顧中心-本期服務人次(日)	(單位:人次(日))",低收入_中度失能_女_65歲以上老人(含IADLs失能且獨居之老人),386,2018-01-01T00:00:00,半年,407610,387000000A,oddisp@taichung.gov.tw,0910289111,(04)22289111,66000,10019000
臺中市,"長期照顧十年計畫-日間照顧-失能老人日間照顧中心-本期服務人次(日)	(單位:人次(日))",低收入_重度失能_男_65歲以上老人(含IADLs失能且獨居之老人),221,2018-01-01T00:00:00,半年,407610,387000000A,oddisp@taichung.gov.tw,0910289111,(04)22289111,66000,10019000
臺中市,"長期照顧十年計畫-日間照顧-失能老人日間照顧中心-本期服務人次(日)	(單位:人次(日))",低收入_重度失能_女_65歲以上老人(含IADLs失能且獨居之老人),142,2018-01-01T00:00:00,半年,407610,387000000A,oddisp@taichung.gov.tw,0910289111,(04)22289111,66000,10019000
臺中市,"長期照顧十年計畫-日間照顧-失能老人日間照顧中心-本期服務人次(日)	(單位:人次(日))",中低收入_輕度失能_男_65歲以上老人(含IADLs失能且獨居之老人),35,2018-01-01T00:00:00,半年,407610,387000000A,oddisp@taichung.gov.tw,0910289111,(04)22289111,66000,10019000
臺中市,"長期照顧十年計畫-日間照顧-失能老人日間照顧中心-本期服務人次(日)	(單位:人次(日))",中低收入_輕度失能_女_65歲以上老人(含IADLs失能且獨居之老人),95,2018-01-01T00:00:00,半年,407610,387000000A,oddisp@taichung.gov.tw,0910289111,(04)22289111,66000,10019000
臺中市,"長期照顧十年計畫-日間照顧-失能老人日間照顧中心-本期服務人次(日)	(單位:人次(日))",中低收入_中度失能_男_65歲以上老人(含IADLs失能且獨居之老人),0,2018-01-01T00:00:00,半年,407610,387000000A,oddisp@taichung.gov.tw,0910289111,(04)22289111,66000,10019000
臺中市,"長期照顧十年計畫-日間照顧-失能老人日間照顧中心-本期服務人次(日)	(單位:人次(日))",中低收入_中度失能_女_65歲以上老人(含IADLs失能且獨居之老人),253,2018-01-01T00:00:00,半年,407610,387000000A,oddisp@taichung.gov.tw,0910289111,(04)22289111,66000,10019000
臺中市,"長期照顧十年計畫-日間照顧-失能老人日間照顧中心-本期服務人次(日)	(單位:人次(日))",中低收入_重度失能_男_65歲以上老人(含IADLs失能且獨居之老人),20,2018-01-01T00:00:00,半年,407610,387000000A,oddisp@taichung.gov.tw,0910289111,(04)22289111,66000,10019000
臺中市,"長期照顧十年計畫-日間照顧-失能老人日間照顧中心-本期服務人次(日)	(單位:人次(日))",中低收入_重度失能_女_65歲以上老人(含IADLs失能且獨居之老人),177,2018-01-01T00:00:00,半年,407610,387000000A,oddisp@taichung.gov.tw,0910289111,(04)22289111,66000,10019000
臺中市,"長期照顧十年計畫-日間照顧-失能老人日間照顧中心-本期服務人次(日)	(單位:人次(日))",一般戶_輕度失能_男_65歲以上老人(含IADLs失能且獨居之老人),664,2018-01-01T00:00:00,半年,407610,387000000A,oddisp@taichung.gov.tw,0910289111,(04)22289111,66000,10019000
臺中市,"長期照顧十年計畫-日間照顧-失能老人日間照顧中心-本期服務人次(日)	(單位:人次(日))",一般戶_輕度失能_女_65歲以上老人(含IADLs失能且獨居之老人),2562,2018-01-01T00:00:00,半年,407610,387000000A,oddisp@taichung.gov.tw,0910289111,(04)22289111,66000,10019000
臺中市,"長期照顧十年計畫-日間照顧-失能老人日間照顧中心-本期服務人次(日)	(單位:人次(日))",一般戶_中度失能_男_65歲以上老人(含IADLs失能且獨居之老人),1719,2018-01-01T00:00:00,半年,407610,387000000A,oddisp@taichung.gov.tw,0910289111,(04)22289111,66000,10019000
臺中市,"長期照顧十年計畫-日間照顧-失能老人日間照顧中心-本期服務人次(日)	(單位:人次(日))",一般戶_中度失能_女_65歲以上老人(含IADLs失能且獨居之老人),3571,2018-01-01T00:00:00,半年,407610,387000000A,oddisp@taichung.gov.tw,0910289111,(04)22289111,66000,10019000
臺中市,"長期照顧十年計畫-日間照顧-失能老人日間照顧中心-本期服務人次(日)	(單位:人次(日))",一般戶_重度失能_男_65歲以上老人(含IADLs失能且獨居之老人),838,2018-01-01T00:00:00,半年,407610,387000000A,oddisp@taichung.gov.tw,0910289111,(04)22289111,66000,10019000
臺中市,"長期照顧十年計畫-日間照顧-失能老人日間照顧中心-本期服務人次(日)	(單位:人次(日))",一般戶_重度失能_女_65歲以上老人(含IADLs失能且獨居之老人),1588,2018-01-01T00:00:00,半年,407610,387000000A,oddisp@taichung.gov.tw,0910289111,(04)22289111,66000,10019000
臺中市,"長期照顧十年計畫-日間照顧-失能老人日間照顧中心-本期服務人次(日)	(單位:人次(日))",低收入_輕度失能_男_55-64歲山地原住民,0,2018-01-01T00:00:00,半年,407610,387000000A,oddisp@taichung.gov.tw,0910289111,(04)22289111,66000,10019000
臺中市,"長期照顧十年計畫-日間照顧-失能老人日間照顧中心-本期服務人次(日)	(單位:人次(日))",低收入_輕度失能_女_55-64歲山地原住民,0,2018-01-01T00:00:00,半年,407610,387000000A,oddisp@taichung.gov.tw,0910289111,(04)22289111,66000,10019000
臺中市,"長期照顧十年計畫-日間照顧-失能老人日間照顧中心-本期服務人次(日)	(單位:人次(日))",低收入_中度失能_男_55-64歲山地原住民,0,2018-01-01T00:00:00,半年,407610,387000000A,oddisp@taichung.gov.tw,0910289111,(04)22289111,66000,10019000
臺中市,"長期照顧十年計畫-日間照顧-失能老人日間照顧中心-本期服務人次(日)	(單位:人次(日))",低收入_中度失能_女_55-64歲山地原住民,0,2018-01-01T00:00:00,半年,407610,387000000A,oddisp@taichung.gov.tw,0910289111,(04)22289111,66000,10019000
臺中市,"長期照顧十年計畫-日間照顧-失能老人日間照顧中心-本期服務人次(日)	(單位:人次(日))",低收入_重度失能_男_55-64歲山地原住民,0,2018-01-01T00:00:00,半年,407610,387000000A,oddisp@taichung.gov.tw,0910289111,(04)22289111,66000,10019000
臺中市,"長期照顧十年計畫-日間照顧-失能老人日間照顧中心-本期服務人次(日)	(單位:人次(日))",低收入_重度失能_女_55-64歲山地原住民,0,2018-01-01T00:00:00,半年,407610,387000000A,oddisp@taichung.gov.tw,0910289111,(04)22289111,66000,10019000
臺中市,"長期照顧十年計畫-日間照顧-失能老人日間照顧中心-本期服務人次(日)	(單位:人次(日))",中低收入_輕度失能_男_55-64歲山地原住民,0,2018-01-01T00:00:00,半年,407610,387000000A,oddisp@taichung.gov.tw,0910289111,(04)22289111,66000,10019000
臺中市,"長期照顧十年計畫-日間照顧-失能老人日間照顧中心-本期服務人次(日)	(單位:人次(日))",中低收入_輕度失能_女_55-64歲山地原住民,0,2018-01-01T00:00:00,半年,407610,387000000A,oddisp@taichung.gov.tw,0910289111,(04)22289111,66000,10019000
臺中市,"長期照顧十年計畫-日間照顧-失能老人日間照顧中心-本期服務人次(日)	(單位:人次(日))",中低收入_中度失能_男_55-64歲山地原住民,0,2018-01-01T00:00:00,半年,407610,387000000A,oddisp@taichung.gov.tw,0910289111,(04)22289111,66000,10019000
臺中市,"長期照顧十年計畫-日間照顧-失能老人日間照顧中心-本期服務人次(日)	(單位:人次(日))",中低收入_中度失能_女_55-64歲山地原住民,0,2018-01-01T00:00:00,半年,407610,387000000A,oddisp@taichung.gov.tw,0910289111,(04)22289111,66000,10019000
臺中市,"長期照顧十年計畫-日間照顧-失能老人日間照顧中心-本期服務人次(日)	(單位:人次(日))",中低收入_重度失能_男_55-64歲山地原住民,0,2018-01-01T00:00:00,半年,407610,387000000A,oddisp@taichung.gov.tw,0910289111,(04)22289111,66000,10019000
臺中市,"長期照顧十年計畫-日間照顧-失能老人日間照顧中心-本期服務人次(日)	(單位:人次(日))",中低收入_重度失能_女_55-64歲山地原住民,0,2018-01-01T00:00:00,半年,407610,387000000A,oddisp@taichung.gov.tw,0910289111,(04)22289111,66000,10019000
臺中市,"長期照顧十年計畫-日間照顧-失能老人日間照顧中心-本期服務人次(日)	(單位:人次(日))",一般戶_輕度失能_男_55-64歲山地原住民,0,2018-01-01T00:00:00,半年,407610,387000000A,oddisp@taichung.gov.tw,0910289111,(04)22289111,66000,10019000
臺中市,"長期照顧十年計畫-日間照顧-失能老人日間照顧中心-本期服務人次(日)	(單位:人次(日))",一般戶_輕度失能_女_55-64歲山地原住民,0,2018-01-01T00:00:00,半年,407610,387000000A,oddisp@taichung.gov.tw,0910289111,(04)22289111,66000,10019000
臺中市,"長期照顧十年計畫-日間照顧-失能老人日間照顧中心-本期服務人次(日)	(單位:人次(日))",一般戶_中度失能_男_55-64歲山地原住民,0,2018-01-01T00:00:00,半年,407610,387000000A,oddisp@taichung.gov.tw,0910289111,(04)22289111,66000,10019000
臺中市,"長期照顧十年計畫-日間照顧-失能老人日間照顧中心-本期服務人次(日)	(單位:人次(日))",一般戶_中度失能_女_55-64歲山地原住民,0,2018-01-01T00:00:00,半年,407610,387000000A,oddisp@taichung.gov.tw,0910289111,(04)22289111,66000,10019000
臺中市,"長期照顧十年計畫-日間照顧-失能老人日間照顧中心-本期服務人次(日)	(單位:人次(日))",一般戶_重度失能_男_55-64歲山地原住民,0,2018-01-01T00:00:00,半年,407610,387000000A,oddisp@taichung.gov.tw,0910289111,(04)22289111,66000,10019000
臺中市,"長期照顧十年計畫-日間照顧-失能老人日間照顧中心-本期服務人次(日)	(單位:人次(日))",一般戶_重度失能_女_55-64歲山地原住民,0,2018-01-01T00:00:00,半年,407610,387000000A,oddisp@taichung.gov.tw,0910289111,(04)22289111,66000,10019000
臺中市,"長期照顧十年計畫-日間照顧-失能老人日間照顧中心-本期服務人次(日)	(單位:人次(日))",低收入_輕度失能_男_50-64歲身心障礙者,0,2018-01-01T00:00:00,半年,407610,387000000A,oddisp@taichung.gov.tw,0910289111,(04)22289111,66000,10019000
臺中市,"長期照顧十年計畫-日間照顧-失能老人日間照顧中心-本期服務人次(日)	(單位:人次(日))",低收入_輕度失能_女_50-64歲身心障礙者,0,2018-01-01T00:00:00,半年,407610,387000000A,oddisp@taichung.gov.tw,0910289111,(04)22289111,66000,10019000
臺中市,"長期照顧十年計畫-日間照顧-失能老人日間照顧中心-本期服務人次(日)	(單位:人次(日))",低收入_中度失能_男_50-64歲身心障礙者,1,2018-01-01T00:00:00,半年,407610,387000000A,oddisp@taichung.gov.tw,0910289111,(04)22289111,66000,10019000
臺中市,"長期照顧十年計畫-日間照顧-失能老人日間照顧中心-本期服務人次(日)	(單位:人次(日))",低收入_中度失能_女_50-64歲身心障礙者,0,2018-01-01T00:00:00,半年,407610,387000000A,oddisp@taichung.gov.tw,0910289111,(04)22289111,66000,10019000
臺中市,"長期照顧十年計畫-日間照顧-失能老人日間照顧中心-本期服務人次(日)	(單位:人次(日))",低收入_重度失能_男_50-64歲身心障礙者,120,2018-01-01T00:00:00,半年,407610,387000000A,oddisp@taichung.gov.tw,0910289111,(04)22289111,66000,10019000
臺中市,"長期照顧十年計畫-日間照顧-失能老人日間照顧中心-本期服務人次(日)	(單位:人次(日))",低收入_重度失能_女_50-64歲身心障礙者,362,2018-01-01T00:00:00,半年,407610,387000000A,oddisp@taichung.gov.tw,0910289111,(04)22289111,66000,10019000
臺中市,"長期照顧十年計畫-日間照顧-失能老人日間照顧中心-本期服務人次(日)	(單位:人次(日))",中低收入_輕度失能_男_50-64歲身心障礙者,0,2018-01-01T00:00:00,半年,407610,387000000A,oddisp@taichung.gov.tw,0910289111,(04)22289111,66000,10019000
臺中市,"長期照顧十年計畫-日間照顧-失能老人日間照顧中心-本期服務人次(日)	(單位:人次(日))",中低收入_輕度失能_女_50-64歲身心障礙者,0,2018-01-01T00:00:00,半年,407610,387000000A,oddisp@taichung.gov.tw,0910289111,(04)22289111,66000,10019000
臺中市,"長期照顧十年計畫-日間照顧-失能老人日間照顧中心-本期服務人次(日)	(單位:人次(日))",中低收入_中度失能_男_50-64歲身心障礙者,20,2018-01-01T00:00:00,半年,407610,387000000A,oddisp@taichung.gov.tw,0910289111,(04)22289111,66000,10019000
臺中市,"長期照顧十年計畫-日間照顧-失能老人日間照顧中心-本期服務人次(日)	(單位:人次(日))",中低收入_中度失能_女_50-64歲身心障礙者,0,2018-01-01T00:00:00,半年,407610,387000000A,oddisp@taichung.gov.tw,0910289111,(04)22289111,66000,10019000
臺中市,"長期照顧十年計畫-日間照顧-失能老人日間照顧中心-本期服務人次(日)	(單位:人次(日))",中低收入_重度失能_男_50-64歲身心障礙者,118,2018-01-01T00:00:00,半年,407610,387000000A,oddisp@taichung.gov.tw,0910289111,(04)22289111,66000,10019000
臺中市,"長期照顧十年計畫-日間照顧-失能老人日間照顧中心-本期服務人次(日)	(單位:人次(日))",中低收入_重度失能_女_50-64歲身心障礙者,70,2018-01-01T00:00:00,半年,407610,387000000A,oddisp@taichung.gov.tw,0910289111,(04)22289111,66000,10019000
臺中市,"長期照顧十年計畫-日間照顧-失能老人日間照顧中心-本期服務人次(日)	(單位:人次(日))",一般戶_輕度失能_男_50-64歲身心障礙者,482,2018-01-01T00:00:00,半年,407610,387000000A,oddisp@taichung.gov.tw,0910289111,(04)22289111,66000,10019000
臺中市,"長期照顧十年計畫-日間照顧-失能老人日間照顧中心-本期服務人次(日)	(單位:人次(日))",一般戶_輕度失能_女_50-64歲身心障礙者,438,2018-01-01T00:00:00,半年,407610,387000000A,oddisp@taichung.gov.tw,0910289111,(04)22289111,66000,10019000
臺中市,"長期照顧十年計畫-日間照顧-失能老人日間照顧中心-本期服務人次(日)	(單位:人次(日))",一般戶_中度失能_男_50-64歲身心障礙者,889,2018-01-01T00:00:00,半年,407610,387000000A,oddisp@taichung.gov.tw,0910289111,(04)22289111,66000,10019000
臺中市,"長期照顧十年計畫-日間照顧-失能老人日間照顧中心-本期服務人次(日)	(單位:人次(日))",一般戶_中度失能_女_50-64歲身心障礙者,1408,2018-01-01T00:00:00,半年,407610,387000000A,oddisp@taichung.gov.tw,0910289111,(04)22289111,66000,10019000
臺中市,"長期照顧十年計畫-日間照顧-失能老人日間照顧中心-本期服務人次(日)	(單位:人次(日))",一般戶_重度失能_男_50-64歲身心障礙者,376,2018-01-01T00:00:00,半年,407610,387000000A,oddisp@taichung.gov.tw,0910289111,(04)22289111,66000,10019000
臺中市,"長期照顧十年計畫-日間照顧-失能老人日間照顧中心-本期服務人次(日)	(單位:人次(日))",一般戶_重度失能_女_50-64歲身心障礙者,656,2018-01-01T00:00:00,半年,407610,387000000A,oddisp@taichung.gov.tw,0910289111,(04)22289111,66000,10019000
臺中市,長期照顧十年計畫-日間照顧-失能老人日間照顧中心-本期政府補助時數(單位:時),低收入_輕度失能_男_50-64歲身心障礙者,0,2018-01-01T00:00:00,半年,407610,387000000A,oddisp@taichung.gov.tw,0910289111,(04)22289111,66000,10019000
臺中市,長期照顧十年計畫-日間照顧-失能老人日間照顧中心-本期政府補助時數(單位:時),低收入_輕度失能_女_50-64歲身心障礙者,0,2018-01-01T00:00:00,半年,407610,387000000A,oddisp@taichung.gov.tw,0910289111,(04)22289111,66000,10019000
臺中市,長期照顧十年計畫-日間照顧-失能老人日間照顧中心-本期政府補助時數(單位:時),低收入_中度失能_男_50-64歲身心障礙者,0,2018-01-01T00:00:00,半年,407610,387000000A,oddisp@taichung.gov.tw,0910289111,(04)22289111,66000,10019000
臺中市,長期照顧十年計畫-日間照顧-失能老人日間照顧中心-本期政府補助時數(單位:時),低收入_中度失能_女_50-64歲身心障礙者,0,2018-01-01T00:00:00,半年,407610,387000000A,oddisp@taichung.gov.tw,0910289111,(04)22289111,66000,10019000
臺中市,長期照顧十年計畫-日間照顧-失能老人日間照顧中心-本期政府補助時數(單位:時),低收入_重度失能_男_50-64歲身心障礙者,0,2018-01-01T00:00:00,半年,407610,387000000A,oddisp@taichung.gov.tw,0910289111,(04)22289111,66000,10019000
臺中市,長期照顧十年計畫-日間照顧-失能老人日間照顧中心-本期政府補助時數(單位:時),低收入_重度失能_女_50-64歲身心障礙者,0,2018-01-01T00:00:00,半年,407610,387000000A,oddisp@taichung.gov.tw,0910289111,(04)22289111,66000,10019000
臺中市,長期照顧十年計畫-日間照顧-失能老人日間照顧中心-本期政府補助時數(單位:時),中低收入_輕度失能_男_50-64歲身心障礙者,0,2018-01-01T00:00:00,半年,407610,387000000A,oddisp@taichung.gov.tw,0910289111,(04)22289111,66000,10019000
臺中市,長期照顧十年計畫-日間照顧-失能老人日間照顧中心-本期政府補助時數(單位:時),中低收入_輕度失能_女_50-64歲身心障礙者,0,2018-01-01T00:00:00,半年,407610,387000000A,oddisp@taichung.gov.tw,0910289111,(04)22289111,66000,10019000
臺中市,長期照顧十年計畫-日間照顧-失能老人日間照顧中心-本期政府補助時數(單位:時),中低收入_中度失能_男_50-64歲身心障礙者,0,2018-01-01T00:00:00,半年,407610,387000000A,oddisp@taichung.gov.tw,0910289111,(04)22289111,66000,10019000
臺中市,長期照顧十年計畫-日間照顧-失能老人日間照顧中心-本期政府補助時數(單位:時),中低收入_中度失能_女_50-64歲身心障礙者,0,2018-01-01T00:00:00,半年,407610,387000000A,oddisp@taichung.gov.tw,0910289111,(04)22289111,66000,10019000
臺中市,長期照顧十年計畫-日間照顧-失能老人日間照顧中心-本期政府補助時數(單位:時),中低收入_重度失能_男_50-64歲身心障礙者,0,2018-01-01T00:00:00,半年,407610,387000000A,oddisp@taichung.gov.tw,0910289111,(04)22289111,66000,10019000
臺中市,長期照顧十年計畫-日間照顧-失能老人日間照顧中心-本期政府補助時數(單位:時),中低收入_重度失能_女_50-64歲身心障礙者,0,2018-01-01T00:00:00,半年,407610,387000000A,oddisp@taichung.gov.tw,0910289111,(04)22289111,66000,10019000
臺中市,長期照顧十年計畫-日間照顧-失能老人日間照顧中心-本期政府補助時數(單位:時),一般戶_輕度失能_男_50-64歲身心障礙者,0,2018-01-01T00:00:00,半年,407610,387000000A,oddisp@taichung.gov.tw,0910289111,(04)22289111,66000,10019000
臺中市,長期照顧十年計畫-日間照顧-失能老人日間照顧中心-本期政府補助時數(單位:時),一般戶_輕度失能_女_50-64歲身心障礙者,0,2018-01-01T00:00:00,半年,407610,387000000A,oddisp@taichung.gov.tw,0910289111,(04)22289111,66000,10019000
臺中市,長期照顧十年計畫-日間照顧-失能老人日間照顧中心-本期政府補助時數(單位:時),一般戶_中度失能_男_50-64歲身心障礙者,0,2018-01-01T00:00:00,半年,407610,387000000A,oddisp@taichung.gov.tw,0910289111,(04)22289111,66000,10019000
臺中市,長期照顧十年計畫-日間照顧-失能老人日間照顧中心-本期政府補助時數(單位:時),一般戶_中度失能_女_50-64歲身心障礙者,0,2018-01-01T00:00:00,半年,407610,387000000A,oddisp@taichung.gov.tw,0910289111,(04)22289111,66000,10019000
臺中市,長期照顧十年計畫-日間照顧-失能老人日間照顧中心-本期政府補助時數(單位:時),一般戶_重度失能_男_50-64歲身心障礙者,0,2018-01-01T00:00:00,半年,407610,387000000A,oddisp@taichung.gov.tw,0910289111,(04)22289111,66000,10019000
臺中市,長期照顧十年計畫-日間照顧-失能老人日間照顧中心-本期政府補助時數(單位:時),一般戶_重度失能_女_50-64歲身心障礙者,0,2018-01-01T00:00:00,半年,407610,387000000A,oddisp@taichung.gov.tw,0910289111,(04)22289111,66000,10019000
臺中市,長期照顧十年計畫-日間照顧-失能老人日間照顧中心-本期政府補助時數(單位:時),低收入_輕度失能_男_65歲以上老人(含IADLs失能且獨居之老人),0,2018-01-01T00:00:00,半年,407610,387000000A,oddisp@taichung.gov.tw,0910289111,(04)22289111,66000,10019000
臺中市,長期照顧十年計畫-日間照顧-失能老人日間照顧中心-本期政府補助時數(單位:時),低收入_輕度失能_女_65歲以上老人(含IADLs失能且獨居之老人),0,2018-01-01T00:00:00,半年,407610,387000000A,oddisp@taichung.gov.tw,0910289111,(04)22289111,66000,10019000
臺中市,長期照顧十年計畫-日間照顧-失能老人日間照顧中心-本期政府補助時數(單位:時),低收入_中度失能_男_65歲以上老人(含IADLs失能且獨居之老人),0,2018-01-01T00:00:00,半年,407610,387000000A,oddisp@taichung.gov.tw,0910289111,(04)22289111,66000,10019000
臺中市,長期照顧十年計畫-日間照顧-失能老人日間照顧中心-本期政府補助時數(單位:時),低收入_中度失能_女_65歲以上老人(含IADLs失能且獨居之老人),0,2018-01-01T00:00:00,半年,407610,387000000A,oddisp@taichung.gov.tw,0910289111,(04)22289111,66000,10019000
臺中市,長期照顧十年計畫-日間照顧-失能老人日間照顧中心-本期政府補助時數(單位:時),低收入_重度失能_男_65歲以上老人(含IADLs失能且獨居之老人),0,2018-01-01T00:00:00,半年,407610,387000000A,oddisp@taichung.gov.tw,0910289111,(04)22289111,66000,10019000
臺中市,長期照顧十年計畫-日間照顧-失能老人日間照顧中心-本期政府補助時數(單位:時),低收入_重度失能_女_65歲以上老人(含IADLs失能且獨居之老人),0,2018-01-01T00:00:00,半年,407610,387000000A,oddisp@taichung.gov.tw,0910289111,(04)22289111,66000,10019000
臺中市,長期照顧十年計畫-日間照顧-失能老人日間照顧中心-本期政府補助時數(單位:時),中低收入_輕度失能_男_65歲以上老人(含IADLs失能且獨居之老人),0,2018-01-01T00:00:00,半年,407610,387000000A,oddisp@taichung.gov.tw,0910289111,(04)22289111,66000,10019000
臺中市,長期照顧十年計畫-日間照顧-失能老人日間照顧中心-本期政府補助時數(單位:時),中低收入_輕度失能_女_65歲以上老人(含IADLs失能且獨居之老人),0,2018-01-01T00:00:00,半年,407610,387000000A,oddisp@taichung.gov.tw,0910289111,(04)22289111,66000,10019000
臺中市,長期照顧十年計畫-日間照顧-失能老人日間照顧中心-本期政府補助時數(單位:時),中低收入_中度失能_男_65歲以上老人(含IADLs失能且獨居之老人),0,2018-01-01T00:00:00,半年,407610,387000000A,oddisp@taichung.gov.tw,0910289111,(04)22289111,66000,10019000
臺中市,長期照顧十年計畫-日間照顧-失能老人日間照顧中心-本期政府補助時數(單位:時),中低收入_中度失能_女_65歲以上老人(含IADLs失能且獨居之老人),0,2018-01-01T00:00:00,半年,407610,387000000A,oddisp@taichung.gov.tw,0910289111,(04)22289111,66000,10019000
臺中市,長期照顧十年計畫-日間照顧-失能老人日間照顧中心-本期政府補助時數(單位:時),中低收入_重度失能_男_65歲以上老人(含IADLs失能且獨居之老人),0,2018-01-01T00:00:00,半年,407610,387000000A,oddisp@taichung.gov.tw,0910289111,(04)22289111,66000,10019000
臺中市,長期照顧十年計畫-日間照顧-失能老人日間照顧中心-本期政府補助時數(單位:時),中低收入_重度失能_女_65歲以上老人(含IADLs失能且獨居之老人),0,2018-01-01T00:00:00,半年,407610,387000000A,oddisp@taichung.gov.tw,0910289111,(04)22289111,66000,10019000
臺中市,長期照顧十年計畫-日間照顧-失能老人日間照顧中心-本期政府補助時數(單位:時),一般戶_輕度失能_男_65歲以上老人(含IADLs失能且獨居之老人),0,2018-01-01T00:00:00,半年,407610,387000000A,oddisp@taichung.gov.tw,0910289111,(04)22289111,66000,10019000
臺中市,長期照顧十年計畫-日間照顧-失能老人日間照顧中心-本期政府補助時數(單位:時),一般戶_輕度失能_女_65歲以上老人(含IADLs失能且獨居之老人),0,2018-01-01T00:00:00,半年,407610,387000000A,oddisp@taichung.gov.tw,0910289111,(04)22289111,66000,10019000
臺中市,長期照顧十年計畫-日間照顧-失能老人日間照顧中心-本期政府補助時數(單位:時),一般戶_中度失能_男_65歲以上老人(含IADLs失能且獨居之老人),0,2018-01-01T00:00:00,半年,407610,387000000A,oddisp@taichung.gov.tw,0910289111,(04)22289111,66000,10019000
臺中市,長期照顧十年計畫-日間照顧-失能老人日間照顧中心-本期政府補助時數(單位:時),一般戶_中度失能_女_65歲以上老人(含IADLs失能且獨居之老人),0,2018-01-01T00:00:00,半年,407610,387000000A,oddisp@taichung.gov.tw,0910289111,(04)22289111,66000,10019000
臺中市,長期照顧十年計畫-日間照顧-失能老人日間照顧中心-本期政府補助時數(單位:時),一般戶_重度失能_男_65歲以上老人(含IADLs失能且獨居之老人),0,2018-01-01T00:00:00,半年,407610,387000000A,oddisp@taichung.gov.tw,0910289111,(04)22289111,66000,10019000
臺中市,長期照顧十年計畫-日間照顧-失能老人日間照顧中心-本期政府補助時數(單位:時),一般戶_重度失能_女_65歲以上老人(含IADLs失能且獨居之老人),0,2018-01-01T00:00:00,半年,407610,387000000A,oddisp@taichung.gov.tw,0910289111,(04)22289111,66000,10019000
臺中市,長期照顧十年計畫-日間照顧-失能老人日間照顧中心-本期政府補助時數(單位:時),低收入_輕度失能_男_55-64歲山地原住民,0,2018-01-01T00:00:00,半年,407610,387000000A,oddisp@taichung.gov.tw,0910289111,(04)22289111,66000,10019000
臺中市,長期照顧十年計畫-日間照顧-失能老人日間照顧中心-本期政府補助時數(單位:時),低收入_輕度失能_女_55-64歲山地原住民,0,2018-01-01T00:00:00,半年,407610,387000000A,oddisp@taichung.gov.tw,0910289111,(04)22289111,66000,10019000
臺中市,長期照顧十年計畫-日間照顧-失能老人日間照顧中心-本期政府補助時數(單位:時),低收入_中度失能_男_55-64歲山地原住民,0,2018-01-01T00:00:00,半年,407610,387000000A,oddisp@taichung.gov.tw,0910289111,(04)22289111,66000,10019000
臺中市,長期照顧十年計畫-日間照顧-失能老人日間照顧中心-本期政府補助時數(單位:時),低收入_中度失能_女_55-64歲山地原住民,0,2018-01-01T00:00:00,半年,407610,387000000A,oddisp@taichung.gov.tw,0910289111,(04)22289111,66000,10019000
臺中市,長期照顧十年計畫-日間照顧-失能老人日間照顧中心-本期政府補助時數(單位:時),低收入_重度失能_男_55-64歲山地原住民,0,2018-01-01T00:00:00,半年,407610,387000000A,oddisp@taichung.gov.tw,0910289111,(04)22289111,66000,10019000
臺中市,長期照顧十年計畫-日間照顧-失能老人日間照顧中心-本期政府補助時數(單位:時),低收入_重度失能_女_55-64歲山地原住民,0,2018-01-01T00:00:00,半年,407610,387000000A,oddisp@taichung.gov.tw,0910289111,(04)22289111,66000,10019000
臺中市,長期照顧十年計畫-日間照顧-失能老人日間照顧中心-本期政府補助時數(單位:時),中低收入_輕度失能_男_55-64歲山地原住民,0,2018-01-01T00:00:00,半年,407610,387000000A,oddisp@taichung.gov.tw,0910289111,(04)22289111,66000,10019000
臺中市,長期照顧十年計畫-日間照顧-失能老人日間照顧中心-本期政府補助時數(單位:時),中低收入_輕度失能_女_55-64歲山地原住民,0,2018-01-01T00:00:00,半年,407610,387000000A,oddisp@taichung.gov.tw,0910289111,(04)22289111,66000,10019000
臺中市,長期照顧十年計畫-日間照顧-失能老人日間照顧中心-本期政府補助時數(單位:時),中低收入_中度失能_男_55-64歲山地原住民,0,2018-01-01T00:00:00,半年,407610,387000000A,oddisp@taichung.gov.tw,0910289111,(04)22289111,66000,10019000
臺中市,長期照顧十年計畫-日間照顧-失能老人日間照顧中心-本期政府補助時數(單位:時),中低收入_中度失能_女_55-64歲山地原住民,0,2018-01-01T00:00:00,半年,407610,387000000A,oddisp@taichung.gov.tw,0910289111,(04)22289111,66000,10019000
臺中市,長期照顧十年計畫-日間照顧-失能老人日間照顧中心-本期政府補助時數(單位:時),中低收入_重度失能_男_55-64歲山地原住民,0,2018-01-01T00:00:00,半年,407610,387000000A,oddisp@taichung.gov.tw,0910289111,(04)22289111,66000,10019000
臺中市,長期照顧十年計畫-日間照顧-失能老人日間照顧中心-本期政府補助時數(單位:時),中低收入_重度失能_女_55-64歲山地原住民,0,2018-01-01T00:00:00,半年,407610,387000000A,oddisp@taichung.gov.tw,0910289111,(04)22289111,66000,10019000
臺中市,長期照顧十年計畫-日間照顧-失能老人日間照顧中心-本期政府補助時數(單位:時),一般戶_輕度失能_男_55-64歲山地原住民,0,2018-01-01T00:00:00,半年,407610,387000000A,oddisp@taichung.gov.tw,0910289111,(04)22289111,66000,10019000
臺中市,長期照顧十年計畫-日間照顧-失能老人日間照顧中心-本期政府補助時數(單位:時),一般戶_輕度失能_女_55-64歲山地原住民,0,2018-01-01T00:00:00,半年,407610,387000000A,oddisp@taichung.gov.tw,0910289111,(04)22289111,66000,10019000
臺中市,長期照顧十年計畫-日間照顧-失能老人日間照顧中心-本期政府補助時數(單位:時),一般戶_中度失能_男_55-64歲山地原住民,0,2018-01-01T00:00:00,半年,407610,387000000A,oddisp@taichung.gov.tw,0910289111,(04)22289111,66000,10019000
臺中市,長期照顧十年計畫-日間照顧-失能老人日間照顧中心-本期政府補助時數(單位:時),一般戶_中度失能_女_55-64歲山地原住民,0,2018-01-01T00:00:00,半年,407610,387000000A,oddisp@taichung.gov.tw,0910289111,(04)22289111,66000,10019000
臺中市,長期照顧十年計畫-日間照顧-失能老人日間照顧中心-本期政府補助時數(單位:時),一般戶_重度失能_男_55-64歲山地原住民,0,2018-01-01T00:00:00,半年,407610,387000000A,oddisp@taichung.gov.tw,0910289111,(04)22289111,66000,10019000
臺中市,長期照顧十年計畫-日間照顧-失能老人日間照顧中心-本期政府補助時數(單位:時),一般戶_重度失能_女_55-64歲山地原住民,0,2018-01-01T00:00:00,半年,407610,387000000A,oddisp@taichung.gov.tw,0910289111,(04)22289111,66000,10019000
臺中市,長期照顧十年計畫-日間照顧-失能老人日間照顧中心-本期全額自付時數(單位:時),低收入_輕度失能_男_50-64歲身心障礙者,0,2018-01-01T00:00:00,半年,407610,387000000A,oddisp@taichung.gov.tw,0910289111,(04)22289111,66000,10019000
臺中市,長期照顧十年計畫-日間照顧-失能老人日間照顧中心-本期全額自付時數(單位:時),低收入_輕度失能_女_50-64歲身心障礙者,0,2018-01-01T00:00:00,半年,407610,387000000A,oddisp@taichung.gov.tw,0910289111,(04)22289111,66000,10019000
臺中市,長期照顧十年計畫-日間照顧-失能老人日間照顧中心-本期全額自付時數(單位:時),低收入_中度失能_男_50-64歲身心障礙者,0,2018-01-01T00:00:00,半年,407610,387000000A,oddisp@taichung.gov.tw,0910289111,(04)22289111,66000,10019000
臺中市,長期照顧十年計畫-日間照顧-失能老人日間照顧中心-本期全額自付時數(單位:時),低收入_中度失能_女_50-64歲身心障礙者,0,2018-01-01T00:00:00,半年,407610,387000000A,oddisp@taichung.gov.tw,0910289111,(04)22289111,66000,10019000
臺中市,長期照顧十年計畫-日間照顧-失能老人日間照顧中心-本期全額自付時數(單位:時),低收入_重度失能_男_50-64歲身心障礙者,0,2018-01-01T00:00:00,半年,407610,387000000A,oddisp@taichung.gov.tw,0910289111,(04)22289111,66000,10019000
臺中市,長期照顧十年計畫-日間照顧-失能老人日間照顧中心-本期全額自付時數(單位:時),低收入_重度失能_女_50-64歲身心障礙者,0,2018-01-01T00:00:00,半年,407610,387000000A,oddisp@taichung.gov.tw,0910289111,(04)22289111,66000,10019000
臺中市,長期照顧十年計畫-日間照顧-失能老人日間照顧中心-本期全額自付時數(單位:時),中低收入_輕度失能_男_50-64歲身心障礙者,0,2018-01-01T00:00:00,半年,407610,387000000A,oddisp@taichung.gov.tw,0910289111,(04)22289111,66000,10019000
臺中市,長期照顧十年計畫-日間照顧-失能老人日間照顧中心-本期全額自付時數(單位:時),中低收入_輕度失能_女_50-64歲身心障礙者,0,2018-01-01T00:00:00,半年,407610,387000000A,oddisp@taichung.gov.tw,0910289111,(04)22289111,66000,10019000
臺中市,長期照顧十年計畫-日間照顧-失能老人日間照顧中心-本期全額自付時數(單位:時),中低收入_中度失能_男_50-64歲身心障礙者,0,2018-01-01T00:00:00,半年,407610,387000000A,oddisp@taichung.gov.tw,0910289111,(04)22289111,66000,10019000
臺中市,長期照顧十年計畫-日間照顧-失能老人日間照顧中心-本期全額自付時數(單位:時),中低收入_中度失能_女_50-64歲身心障礙者,0,2018-01-01T00:00:00,半年,407610,387000000A,oddisp@taichung.gov.tw,0910289111,(04)22289111,66000,10019000
臺中市,長期照顧十年計畫-日間照顧-失能老人日間照顧中心-本期全額自付時數(單位:時),中低收入_重度失能_男_50-64歲身心障礙者,0,2018-01-01T00:00:00,半年,407610,387000000A,oddisp@taichung.gov.tw,0910289111,(04)22289111,66000,10019000
臺中市,長期照顧十年計畫-日間照顧-失能老人日間照顧中心-本期全額自付時數(單位:時),中低收入_重度失能_女_50-64歲身心障礙者,0,2018-01-01T00:00:00,半年,407610,387000000A,oddisp@taichung.gov.tw,0910289111,(04)22289111,66000,10019000
臺中市,長期照顧十年計畫-日間照顧-失能老人日間照顧中心-本期全額自付時數(單位:時),一般戶_輕度失能_男_50-64歲身心障礙者,0,2018-01-01T00:00:00,半年,407610,387000000A,oddisp@taichung.gov.tw,0910289111,(04)22289111,66000,10019000
臺中市,長期照顧十年計畫-日間照顧-失能老人日間照顧中心-本期全額自付時數(單位:時),一般戶_輕度失能_女_50-64歲身心障礙者,0,2018-01-01T00:00:00,半年,407610,387000000A,oddisp@taichung.gov.tw,0910289111,(04)22289111,66000,10019000
臺中市,長期照顧十年計畫-日間照顧-失能老人日間照顧中心-本期全額自付時數(單位:時),一般戶_中度失能_男_50-64歲身心障礙者,0,2018-01-01T00:00:00,半年,407610,387000000A,oddisp@taichung.gov.tw,0910289111,(04)22289111,66000,10019000
臺中市,長期照顧十年計畫-日間照顧-失能老人日間照顧中心-本期全額自付時數(單位:時),一般戶_中度失能_女_50-64歲身心障礙者,0,2018-01-01T00:00:00,半年,407610,387000000A,oddisp@taichung.gov.tw,0910289111,(04)22289111,66000,10019000
臺中市,長期照顧十年計畫-日間照顧-失能老人日間照顧中心-本期全額自付時數(單位:時),一般戶_重度失能_男_50-64歲身心障礙者,0,2018-01-01T00:00:00,半年,407610,387000000A,oddisp@taichung.gov.tw,0910289111,(04)22289111,66000,10019000
臺中市,長期照顧十年計畫-日間照顧-失能老人日間照顧中心-本期全額自付時數(單位:時),一般戶_重度失能_女_50-64歲身心障礙者,0,2018-01-01T00:00:00,半年,407610,387000000A,oddisp@taichung.gov.tw,0910289111,(04)22289111,66000,10019000
臺中市,長期照顧十年計畫-日間照顧-失能老人日間照顧中心-本期全額自付時數(單位:時),低收入_輕度失能_男_65歲以上老人(含IADLs失能且獨居之老人),0,2018-01-01T00:00:00,半年,407610,387000000A,oddisp@taichung.gov.tw,0910289111,(04)22289111,66000,10019000
臺中市,長期照顧十年計畫-日間照顧-失能老人日間照顧中心-本期全額自付時數(單位:時),低收入_輕度失能_女_65歲以上老人(含IADLs失能且獨居之老人),0,2018-01-01T00:00:00,半年,407610,387000000A,oddisp@taichung.gov.tw,0910289111,(04)22289111,66000,10019000
臺中市,長期照顧十年計畫-日間照顧-失能老人日間照顧中心-本期全額自付時數(單位:時),低收入_中度失能_男_65歲以上老人(含IADLs失能且獨居之老人),0,2018-01-01T00:00:00,半年,407610,387000000A,oddisp@taichung.gov.tw,0910289111,(04)22289111,66000,10019000
臺中市,長期照顧十年計畫-日間照顧-失能老人日間照顧中心-本期全額自付時數(單位:時),低收入_中度失能_女_65歲以上老人(含IADLs失能且獨居之老人),0,2018-01-01T00:00:00,半年,407610,387000000A,oddisp@taichung.gov.tw,0910289111,(04)22289111,66000,10019000
臺中市,長期照顧十年計畫-日間照顧-失能老人日間照顧中心-本期全額自付時數(單位:時),低收入_重度失能_男_65歲以上老人(含IADLs失能且獨居之老人),0,2018-01-01T00:00:00,半年,407610,387000000A,oddisp@taichung.gov.tw,0910289111,(04)22289111,66000,10019000
臺中市,長期照顧十年計畫-日間照顧-失能老人日間照顧中心-本期全額自付時數(單位:時),低收入_重度失能_女_65歲以上老人(含IADLs失能且獨居之老人),0,2018-01-01T00:00:00,半年,407610,387000000A,oddisp@taichung.gov.tw,0910289111,(04)22289111,66000,10019000
臺中市,長期照顧十年計畫-日間照顧-失能老人日間照顧中心-本期全額自付時數(單位:時),中低收入_輕度失能_男_65歲以上老人(含IADLs失能且獨居之老人),0,2018-01-01T00:00:00,半年,407610,387000000A,oddisp@taichung.gov.tw,0910289111,(04)22289111,66000,10019000
臺中市,長期照顧十年計畫-日間照顧-失能老人日間照顧中心-本期全額自付時數(單位:時),中低收入_輕度失能_女_65歲以上老人(含IADLs失能且獨居之老人),0,2018-01-01T00:00:00,半年,407610,387000000A,oddisp@taichung.gov.tw,0910289111,(04)22289111,66000,10019000
臺中市,長期照顧十年計畫-日間照顧-失能老人日間照顧中心-本期全額自付時數(單位:時),中低收入_中度失能_男_65歲以上老人(含IADLs失能且獨居之老人),0,2018-01-01T00:00:00,半年,407610,387000000A,oddisp@taichung.gov.tw,0910289111,(04)22289111,66000,10019000
臺中市,長期照顧十年計畫-日間照顧-失能老人日間照顧中心-本期全額自付時數(單位:時),中低收入_中度失能_女_65歲以上老人(含IADLs失能且獨居之老人),0,2018-01-01T00:00:00,半年,407610,387000000A,oddisp@taichung.gov.tw,0910289111,(04)22289111,66000,10019000
臺中市,長期照顧十年計畫-日間照顧-失能老人日間照顧中心-本期全額自付時數(單位:時),中低收入_重度失能_男_65歲以上老人(含IADLs失能且獨居之老人),0,2018-01-01T00:00:00,半年,407610,387000000A,oddisp@taichung.gov.tw,0910289111,(04)22289111,66000,10019000
臺中市,長期照顧十年計畫-日間照顧-失能老人日間照顧中心-本期全額自付時數(單位:時),中低收入_重度失能_女_65歲以上老人(含IADLs失能且獨居之老人),0,2018-01-01T00:00:00,半年,407610,387000000A,oddisp@taichung.gov.tw,0910289111,(04)22289111,66000,10019000
臺中市,長期照顧十年計畫-日間照顧-失能老人日間照顧中心-本期全額自付時數(單位:時),一般戶_輕度失能_男_65歲以上老人(含IADLs失能且獨居之老人),0,2018-01-01T00:00:00,半年,407610,387000000A,oddisp@taichung.gov.tw,0910289111,(04)22289111,66000,10019000
臺中市,長期照顧十年計畫-日間照顧-失能老人日間照顧中心-本期全額自付時數(單位:時),一般戶_輕度失能_女_65歲以上老人(含IADLs失能且獨居之老人),0,2018-01-01T00:00:00,半年,407610,387000000A,oddisp@taichung.gov.tw,0910289111,(04)22289111,66000,10019000
臺中市,長期照顧十年計畫-日間照顧-失能老人日間照顧中心-本期全額自付時數(單位:時),一般戶_中度失能_男_65歲以上老人(含IADLs失能且獨居之老人),0,2018-01-01T00:00:00,半年,407610,387000000A,oddisp@taichung.gov.tw,0910289111,(04)22289111,66000,10019000
臺中市,長期照顧十年計畫-日間照顧-失能老人日間照顧中心-本期全額自付時數(單位:時),一般戶_中度失能_女_65歲以上老人(含IADLs失能且獨居之老人),0,2018-01-01T00:00:00,半年,407610,387000000A,oddisp@taichung.gov.tw,0910289111,(04)22289111,66000,10019000
臺中市,長期照顧十年計畫-日間照顧-失能老人日間照顧中心-本期全額自付時數(單位:時),一般戶_重度失能_男_65歲以上老人(含IADLs失能且獨居之老人),0,2018-01-01T00:00:00,半年,407610,387000000A,oddisp@taichung.gov.tw,0910289111,(04)22289111,66000,10019000
臺中市,長期照顧十年計畫-日間照顧-失能老人日間照顧中心-本期全額自付時數(單位:時),一般戶_重度失能_女_65歲以上老人(含IADLs失能且獨居之老人),0,2018-01-01T00:00:00,半年,407610,387000000A,oddisp@taichung.gov.tw,0910289111,(04)22289111,66000,10019000
臺中市,長期照顧十年計畫-日間照顧-失能老人日間照顧中心-本期全額自付時數(單位:時),低收入_輕度失能_男_55-64歲山地原住民,0,2018-01-01T00:00:00,半年,407610,387000000A,oddisp@taichung.gov.tw,0910289111,(04)22289111,66000,10019000
臺中市,長期照顧十年計畫-日間照顧-失能老人日間照顧中心-本期全額自付時數(單位:時),低收入_輕度失能_女_55-64歲山地原住民,0,2018-01-01T00:00:00,半年,407610,387000000A,oddisp@taichung.gov.tw,0910289111,(04)22289111,66000,10019000
臺中市,長期照顧十年計畫-日間照顧-失能老人日間照顧中心-本期全額自付時數(單位:時),低收入_中度失能_男_55-64歲山地原住民,0,2018-01-01T00:00:00,半年,407610,387000000A,oddisp@taichung.gov.tw,0910289111,(04)22289111,66000,10019000
臺中市,長期照顧十年計畫-日間照顧-失能老人日間照顧中心-本期全額自付時數(單位:時),低收入_中度失能_女_55-64歲山地原住民,0,2018-01-01T00:00:00,半年,407610,387000000A,oddisp@taichung.gov.tw,0910289111,(04)22289111,66000,10019000
臺中市,長期照顧十年計畫-日間照顧-失能老人日間照顧中心-本期全額自付時數(單位:時),低收入_重度失能_男_55-64歲山地原住民,0,2018-01-01T00:00:00,半年,407610,387000000A,oddisp@taichung.gov.tw,0910289111,(04)22289111,66000,10019000
臺中市,長期照顧十年計畫-日間照顧-失能老人日間照顧中心-本期全額自付時數(單位:時),低收入_重度失能_女_55-64歲山地原住民,0,2018-01-01T00:00:00,半年,407610,387000000A,oddisp@taichung.gov.tw,0910289111,(04)22289111,66000,10019000
臺中市,長期照顧十年計畫-日間照顧-失能老人日間照顧中心-本期全額自付時數(單位:時),中低收入_輕度失能_男_55-64歲山地原住民,0,2018-01-01T00:00:00,半年,407610,387000000A,oddisp@taichung.gov.tw,0910289111,(04)22289111,66000,10019000
臺中市,長期照顧十年計畫-日間照顧-失能老人日間照顧中心-本期全額自付時數(單位:時),中低收入_輕度失能_女_55-64歲山地原住民,0,2018-01-01T00:00:00,半年,407610,387000000A,oddisp@taichung.gov.tw,0910289111,(04)22289111,66000,10019000
臺中市,長期照顧十年計畫-日間照顧-失能老人日間照顧中心-本期全額自付時數(單位:時),中低收入_中度失能_男_55-64歲山地原住民,0,2018-01-01T00:00:00,半年,407610,387000000A,oddisp@taichung.gov.tw,0910289111,(04)22289111,66000,10019000
臺中市,長期照顧十年計畫-日間照顧-失能老人日間照顧中心-本期全額自付時數(單位:時),中低收入_中度失能_女_55-64歲山地原住民,0,2018-01-01T00:00:00,半年,407610,387000000A,oddisp@taichung.gov.tw,0910289111,(04)22289111,66000,10019000
臺中市,長期照顧十年計畫-日間照顧-失能老人日間照顧中心-本期全額自付時數(單位:時),中低收入_重度失能_男_55-64歲山地原住民,0,2018-01-01T00:00:00,半年,407610,387000000A,oddisp@taichung.gov.tw,0910289111,(04)22289111,66000,10019000
臺中市,長期照顧十年計畫-日間照顧-失能老人日間照顧中心-本期全額自付時數(單位:時),中低收入_重度失能_女_55-64歲山地原住民,0,2018-01-01T00:00:00,半年,407610,387000000A,oddisp@taichung.gov.tw,0910289111,(04)22289111,66000,10019000
臺中市,長期照顧十年計畫-日間照顧-失能老人日間照顧中心-本期全額自付時數(單位:時),一般戶_輕度失能_男_55-64歲山地原住民,0,2018-01-01T00:00:00,半年,407610,387000000A,oddisp@taichung.gov.tw,0910289111,(04)22289111,66000,10019000
臺中市,長期照顧十年計畫-日間照顧-失能老人日間照顧中心-本期全額自付時數(單位:時),一般戶_輕度失能_女_55-64歲山地原住民,0,2018-01-01T00:00:00,半年,407610,387000000A,oddisp@taichung.gov.tw,0910289111,(04)22289111,66000,10019000
臺中市,長期照顧十年計畫-日間照顧-失能老人日間照顧中心-本期全額自付時數(單位:時),一般戶_中度失能_男_55-64歲山地原住民,0,2018-01-01T00:00:00,半年,407610,387000000A,oddisp@taichung.gov.tw,0910289111,(04)22289111,66000,10019000
臺中市,長期照顧十年計畫-日間照顧-失能老人日間照顧中心-本期全額自付時數(單位:時),一般戶_中度失能_女_55-64歲山地原住民,0,2018-01-01T00:00:00,半年,407610,387000000A,oddisp@taichung.gov.tw,0910289111,(04)22289111,66000,10019000
臺中市,長期照顧十年計畫-日間照顧-失能老人日間照顧中心-本期全額自付時數(單位:時),一般戶_重度失能_男_55-64歲山地原住民,0,2018-01-01T00:00:00,半年,407610,387000000A,oddisp@taichung.gov.tw,0910289111,(04)22289111,66000,10019000
臺中市,長期照顧十年計畫-日間照顧-失能老人日間照顧中心-本期全額自付時數(單位:時),一般戶_重度失能_女_55-64歲山地原住民,0,2018-01-01T00:00:00,半年,407610,387000000A,oddisp@taichung.gov.tw,0910289111,(04)22289111,66000,10019000
